Name,n,a,e,i,pi,Mass
b,7045.65196409613,0.091101,0.10,nan,nan,2.89
c,27818.943981030614,0.036467,0.17,nan,nan,1.18
