Name,n,a,e,i,pi,Mass
b,500.17319543677604,0.8079,0.3768,nan,305.133333333,691.569
c,76.93208430913349,2.8145,0.031,nan,101.5,575.884
