Name,n,a,e,i,pi,Mass
b,45.077186963979415,4.01,0.313,nan,12.9,495.79
c,7679.270644614576,0.1304,0.237,nan,5,19.0690
