Name,n,a,e,i,pi,Mass
b,15160.955347871235,0.0785,0.10,nan,340,10.2
c,4163.498098859316,0.186,0.13,nan,221,11.8
d,667.005076142132,0.630,0.07,nan,224,18.1
