Name,n,a,e,i,pi,Mass
b,9182.518274189717,0.131,0.257,nan,92.5,266.64813
c,61.39613120269134,3.712,0.341,nan,17.8,4252.39
