Name,n,a,e,i,pi,Mass
b,6779.486121143328,0.154,0.02,nan,185,274.91
c,141.13856068743286,2.03,0.12,nan,185,1630.40
