Name,n,a,e,i,pi,Mass
b,52.05197274599905,3.58,0.184,nan,31,2568
c,11.31490570911909,9.890,0.22,nan,19,2416
