Name,n,a,e,i,pi,Mass
b,2261.1325934003494,0.2931,0.52883,nan,172.923,2434.157
c,75.09300903516342,2.8373,0.2113,nan,64.87,5464.221
