Name,n,a,e,i,pi,Mass
b,198.13027744270204,1.24,0.14,nan,74,114.41
c,72.27722772277227,2.44,0.20,nan,280,295.57
