Name,n,a,e,i,pi,Mass
b,80.73732718894009,2.708,0.37,nan,218.9,1338.01
c,587.6565295169946,0.721,0.24,nan,272,114.41
