Name,n,a,e,i,pi,Mass
b,508.92753398659903,0.81,0.233,nan,352.7,505
c,26.279999999999998,5.8,0.12,nan,195,260
