Name,n,a,e,i,pi,Mass
b,375.75064340863605,1.02,0.17,nan,327,397.27
c,21.881765195670276,6.8,0.21,nan,250,1684.4
