Name,n,a,e,i,pi,Mass
b,67.55784061696657,3.16,0.041,nan,168.0,198
c,3466.1039303613825,0.229,0.30,nan,102,25.0
