Name,n,a,e,i,pi,Mass
b,20247.157077259697,0.06296,0.0660,nan,249,5.74
c,7812.546450166775,0.11878,0.111,nan,270,9.180
