Name,n,a,e,i,pi,Mass
b,290.1943462897527,1.333,0.09,nan,9.2,632.46
c,148.81087202718004,2.08,0.29,nan,220.5,273.32
