Name,n,a,e,i,pi,Mass
b,290.0540595427565,1.084,0.303,30,57.864,562.2
c,142.58771748967484,1.740,0.159,55.950,15.445,993.2
