Name,n,a,e,i,pi,Mass
b,331.98585144012117,1.038,0.082,nan,232,409.98
c,80.91133004926108,2.659,0.239,nan,27,314.64
