Name,n,a,e,i,pi,Mass
b,35.93109105824447,3.56,0.08,nan,246,216
c,3682.7354260089683,0.163,0.18,nan,10,5.40
