Name,n,a,e,i,pi,Mass
b,321.58590308370043,1.291,0.46,nan,57,711.91
c,38.0648899188876,5.36,0.06,nan,352,819.97
