Name,n,a,e,i,pi,Mass
b,18437.405988873572,0.0748,0.1267,nan,24.4,441.77
c,30.772833723653395,5.32,0.517,nan,198.6,826.32
