Name,n,a,e,i,pi,Mass
b,323.16773241515,1.2218,0.009,nan,85.0,473.547
c,1184.8512173128945,0.5137,0.3,nan,110.0,47.6725
