Name,n,a,e,i,pi,Mass
b,153937.78657074162,0.017016,0,80.78,170.0,5.74
c,35532.72038939968,0.046,0,80,180,8.4
