Name,n,a,e,i,pi,Mass
b,851.1575483553357,0.53364,0.054,nan,130,215
c,148.39073969508755,1.7100,0.125,nan,53,207
d,70.56928034371643,2.807,0.16,nan,0,221
