Name,n,a,e,i,pi,Mass
b,582.3951777324705,0.81,0.31,nan,148,915.31
c,62.51189343482397,3.60,0.33,nan,252,1283.98
