Name,n,a,e,i,pi,Mass
b,10412.04437400951,0.11,0.02,nan,223,359.13
c,528.9855072463769,0.80,0.075,nan,69,603.9
