Name,n,a,e,i,pi,Mass
b,121.89239332096476,2.100,0.032,nan,334,804.08
c,54.956085319949814,3.6,0.098,nan,295,171.621
d,9.384373660905585,11.6,0.16,nan,110,521.22
