Name,n,a,e,i,pi,Mass
b,227.37497836996022,1.48,0.078,nan,26,310
c,62.24538133585978,3.52,0.098,nan,241,1110
