Name,n,a,e,i,pi,Mass
b,364.7973348139922,1.19,0.13,nan,85,753.23
c,48.096632503660324,4.60,0.23,nan,118,753.23
