Name,n,a,e,i,pi,Mass
b,513.5420330636651,0.83,0.435,90.00,161.18,5530
c,94.98337429521467,2.55,0.267,90.00,78.99,776
