Name,n,a,e,i,pi,Mass
b,2544.2927679349405,0.292,0.627,nan,176.5,572.07
c,53.13384553174282,3.850,0.432,nan,258.6,2561.60
